age,income,score,zipcode,city,extra_data
-0.8612091853584176,0.7671455149152695,0.2275927105661939,90210,Beverly,23.5
0.8612091853584176,0.12274328238644315,1.374659971819815,10001,New York,42.0
-1.6441266265933427,-2.0252641593763117,0.036414833690590384,60614,Chicago,23.5
1.6441266265933427,1.4115477474440958,-0.5371187969362188,94103,SF,23.5
-0.23487523237047753,0.12274328238644315,0.9923042180686079,73301,Austin,23.5
0.0,0.12274328238644315,-1.9390898940239765,12345,Unknown,5.0
0.23487523237047753,-0.5216589501423833,-0.15476304318501172,94105,San Francisco,23.5
